1,Lorne,McGovern,lmcgovern0@techcrunch.com,Female,218.116.160.85
2,Devon,Mabe,dmabe1@photobucket.com,Female,9.35.94.22
3,Clarisse,Durrad,cdurrad2@istockphoto.com,Female,248.62.117.137
4,Northrup,Haines,nhaines3@godaddy.com,Male,129.9.11.245
5,Verla,Seaman,vseaman4@ebay.co.uk,Female,189.252.239.70
6,Phyllis,Paskell,ppaskell5@census.gov,Female,24.89.181.102
7,Alanson,Broddle,abroddle6@seattletimes.com,Genderfluid,63.91.58.26
8,Elna,Peskin,epeskin7@typepad.com,Female,168.179.252.235
9,Dulsea,Vivien,dvivien8@woothemes.com,Female,127.134.18.97
10,Tucky,Bradmore,tbradmore9@comcast.net,Male,59.187.240.202
11,Thornton,Goeff,tgoeffa@sphinn.com,Male,122.129.199.175
12,Edgar,Alyokhin,ealyokhinb@ca.gov,Male,67.70.77.211
13,Lisle,Burchnall,lburchnallc@fc2.com,Male,73.78.54.71
14,Shirlene,Palluschek,spalluschekd@mac.com,Female,225.79.34.105
15,Camile,Lucchi,clucchie@goo.gl,Female,250.118.22.162
16,Mersey,Kynnd,mkynndf@sbwire.com,Female,100.74.34.168
17,Jobey,Jewiss,jjewissg@tripod.com,Female,229.57.214.123
18,Marika,Brehault,mbrehaulth@microsoft.com,Female,140.192.138.255
19,Hazel,Baskett,hbasketti@webeden.co.uk,Non-binary,13.225.228.179
20,Selie,Parrett,sparrettj@guardian.co.uk,Female,254.122.53.214
21,Wenona,Champneys,wchampneysk@ustream.tv,Female,116.161.160.139
22,Bobine,De Vaux,bdevauxl@rambler.ru,Female,99.244.141.36
23,Kenn,Vittori,kvittorim@marketwatch.com,Male,61.198.2.148
24,Toby,McChesney,tmcchesneyn@google.it,Male,224.126.165.22
25,Burch,Iannello,biannelloo@infoseek.co.jp,Agender,245.210.131.252
26,Allan,Brunotti,abrunottip@people.com.cn,Male,100.253.48.185
27,Janetta,Redmond,jredmondq@de.vu,Bigender,53.170.202.121
28,Marv,Fulep,mfulepr@purevolume.com,Male,139.188.196.176
29,Cullin,Axcel,caxcels@china.com.cn,Male,255.131.190.14
30,Enriqueta,Strelitzer,estrelitzert@tinypic.com,Female,113.193.230.149
31,Violet,Rowsel,vrowselu@scientificamerican.com,Polygender,102.179.167.243
32,Annnora,Weeke,aweekev@delicious.com,Female,187.8.250.245
33,Simone,Fieldhouse,sfieldhousew@comcast.net,Female,67.45.203.90
34,Ximenez,Pollitt,xpollittx@umich.edu,Male,205.224.216.128
35,Nicola,Gooddy,ngooddyy@amazon.co.uk,Female,188.203.196.158
36,Eleanore,Quaintance,equaintancez@unblog.fr,Female,1.76.10.8
37,Tanner,Pfeuffer,tpfeuffer10@psu.edu,Male,194.157.180.148
38,Germaine,Thombleson,gthombleson11@360.cn,Female,105.192.79.38
39,Winifield,Gonning,wgonning12@wiley.com,Male,70.11.10.31
40,Bartholomew,Dybell,bdybell13@purevolume.com,Male,56.235.75.206
