id,first_name,last_name,email,gender,ip_address
1,Roderigo,Whittek,rwhittek0@mozilla.org,Male,32.131.71.80
2,Sally,Habershaw,shabershaw1@epa.gov,Female,235.125.101.162
3,Aviva,Brockie,abrockie2@odnoklassniki.ru,Female,209.130.184.70
4,Marge,Chander,mchander3@mysql.com,Female,179.241.123.250
5,Elias,Deviney,edeviney4@qq.com,Male,23.32.161.213
6,Virginie,Causton,vcauston5@chicagotribune.com,Female,211.151.232.241
7,Marti,Buckmaster,mbuckmaster6@devhub.com,Female,177.186.241.53
8,Loraine,Daveren,ldaveren7@amazon.co.jp,Female,68.158.252.17
9,Gwenore,Stronach,gstronach8@ca.gov,Agender,228.135.80.206
10,Sharron,Druitt,sdruitt9@mapquest.com,Female,76.53.56.235
11,Derril,Klampk,dklampka@tinypic.com,Male,30.110.244.77
12,Tabina,McLoney,tmcloneyb@miibeian.gov.cn,Female,188.179.158.75
13,Baryram,Comelini,bcomelinic@bing.com,Male,114.93.43.137
14,Anselm,Bagshaw,abagshawd@etsy.com,Male,141.234.192.188
15,Valeda,Showering,vshoweringe@slideshare.net,Female,237.36.30.242
16,Ignatius,Gorrick,igorrickf@freewebs.com,Male,205.3.39.10
17,Jonathon,Beasant,jbeasantg@washingtonpost.com,Male,150.94.185.236
18,Janos,Pitkin,jpitkinh@icio.us,Male,146.153.182.89
19,Georges,Warby,gwarbyi@nbcnews.com,Male,253.229.175.142
20,Rosy,Rengger,rrenggerj@msu.edu,Female,1.143.112.43
21,Lyell,Girard,lgirardk@slate.com,Male,100.110.237.131
22,Darryl,Kik,dkikl@epa.gov,Female,169.162.234.204
23,Gilberte,Haucke,ghauckem@fastcompany.com,Female,35.92.72.191
24,Geralda,Deakes,gdeakesn@walmart.com,Female,139.199.14.120
25,Rochester,Roalfe,rroalfeo@amazon.de,Male,7.192.30.32
26,Ernestine,Schwant,eschwantp@spiegel.de,Female,28.199.36.153
27,Jeth,McLewd,jmclewdq@dailymotion.com,Male,117.75.39.95
28,Christie,Monte,cmonter@reuters.com,Female,175.160.52.1
29,Tabbie,Burstowe,tburstowes@studiopress.com,Female,14.212.208.103
30,Jessa,O'Geneay,jogeneayt@github.io,Female,118.193.65.218
31,Rana,Rudsdale,rrudsdaleu@slashdot.org,Female,31.166.180.151
32,Vivianna,Sailes,vsailesv@storify.com,Female,43.9.75.159
33,Alister,Clerc,aclercw@va.gov,Male,198.241.108.29
34,Hobie,Rodriguez,hrodriguezx@trellian.com,Male,155.154.252.16
35,Gabriel,Viles,gvilesy@mac.com,Male,197.179.182.71
36,Hillard,Gurnett,hgurnettz@tiny.cc,Genderqueer,225.42.39.210
37,Peria,Skillings,pskillings10@guardian.co.uk,Genderfluid,254.32.128.45
38,Gaye,Moraleda,gmoraleda11@networkadvertising.org,Female,220.121.82.58
39,Libby,Maccrae,lmaccrae12@go.com,Female,102.216.139.244
40,Gerrie,Hunnybun,ghunnybun13@amazon.co.jp,Male,241.176.191.203
41,Loutitia,Garatty,lgaratty14@comsenz.com,Female,9.63.201.165
42,Cristal,Blees,cblees15@ning.com,Female,155.123.235.33
43,Morse,Shewery,mshewery16@homestead.com,Male,254.111.210.35
44,Wilie,Hedlestone,whedlestone17@rambler.ru,Female,231.127.206.241
45,Fletch,Kilalea,fkilalea18@barnesandnoble.com,Male,107.12.26.251
46,Bank,Wallman,bwallman19@google.es,Male,202.251.213.211
47,Papageno,McAughtrie,pmcaughtrie1a@naver.com,Male,131.27.216.154
48,Gusta,Steventon,gsteventon1b@prnewswire.com,Genderqueer,206.64.126.19
49,Vidovic,Cady,vcady1c@php.net,Male,224.7.9.83
50,Layla,Stacy,lstacy1d@homestead.com,Female,5.134.85.40
51,Maximilian,Vickerman,mvickerman1e@microsoft.com,Male,59.11.236.42
52,Bartlet,Tregenna,btregenna1f@taobao.com,Male,136.226.133.22
53,Ellerey,Spellworth,espellworth1g@vistaprint.com,Agender,58.50.129.206
54,Leonardo,Goldberg,lgoldberg1h@skyrock.com,Male,32.160.205.212
55,Emalia,Conws,econws1i@indiatimes.com,Female,110.128.206.139
56,Meriel,Srutton,msrutton1j@blogspot.com,Female,177.250.247.117
57,Broddy,Billo,bbillo1k@csmonitor.com,Male,175.191.138.253
58,Ellissa,Blinerman,eblinerman1l@scientificamerican.com,Female,210.234.23.120
59,Monique,Charnick,mcharnick1m@statcounter.com,Female,113.0.110.52
60,Manny,Lokier,mlokier1n@patch.com,Male,1.181.74.148
61,Tatiana,Joannet,tjoannet1o@narod.ru,Female,168.204.128.229
62,Whitaker,Barnewille,wbarnewille1p@vkontakte.ru,Male,221.126.61.114
63,Mercy,Devereu,mdevereu1q@ucoz.com,Female,201.73.194.206
64,Audy,De Beauchamp,adebeauchamp1r@slate.com,Female,204.61.0.171
65,Agata,Stivens,astivens1s@auda.org.au,Female,32.2.171.110
66,Jerry,Stickells,jstickells1t@t.co,Male,77.26.155.134
67,Felic,Poznanski,fpoznanski1u@pinterest.com,Genderqueer,193.8.245.91
68,Kermit,Stollenberg,kstollenberg1v@privacy.gov.au,Male,167.58.223.0
69,Claire,Rape,crape1w@photobucket.com,Female,199.9.219.151
70,Marcille,Giercke,mgiercke1x@flickr.com,Bigender,248.157.74.3
71,Philomena,Durbyn,pdurbyn1y@diigo.com,Female,77.92.24.15
72,Leon,Baudins,lbaudins1z@stanford.edu,Male,149.40.247.7
73,Rusty,Grichukhin,rgrichukhin20@state.gov,Male,185.55.207.89
74,Vania,Tomasini,vtomasini21@linkedin.com,Female,29.250.69.87
75,Carolin,Hutchens,chutchens22@archive.org,Female,30.147.167.151
76,Oralie,Summers,osummers23@hud.gov,Female,211.80.222.174
77,Ivan,Milward,imilward24@wikia.com,Male,16.180.28.222
78,Abe,Minnock,aminnock25@skyrock.com,Male,219.194.236.109
79,Conney,O'Driscoll,codriscoll26@diigo.com,Male,249.9.99.145
80,Horten,Larrat,hlarrat27@is.gd,Male,213.35.79.97
81,Cacilia,Huband,chuband28@cisco.com,Female,162.232.217.194
82,Yankee,Mariet,ymariet29@bizjournals.com,Male,199.206.244.131
83,Avictor,Wallicker,awallicker2a@va.gov,Male,239.190.100.161
84,Karlan,McAuslan,kmcauslan2b@reuters.com,Male,73.16.11.216
85,Darb,Arrigucci,darrigucci2c@mit.edu,Male,235.104.51.179
86,Lydon,Peoples,lpeoples2d@pagesperso-orange.fr,Polygender,39.60.195.72
87,Rory,Hearn,rhearn2e@ted.com,Female,225.127.215.243
88,Pris,Allcott,pallcott2f@ask.com,Genderqueer,2.169.21.164
89,Skell,Adamovicz,sadamovicz2g@storify.com,Male,149.211.196.72
90,Cleon,Hargroves,chargroves2h@dailymotion.com,Male,163.50.38.251
91,Barth,Narey,bnarey2i@boston.com,Male,17.160.131.154
92,Mariellen,Zaple,mzaple2j@comcast.net,Female,213.119.232.169
93,Sawyer,McKerlie,smckerlie2k@narod.ru,Male,76.21.144.96
94,Brittaney,Daville,bdaville2l@rediff.com,Female,110.220.72.168
95,Del,Code,dcode2m@linkedin.com,Female,29.255.194.228
96,Linn,Mackneis,lmackneis2n@loc.gov,Male,89.85.9.70
97,Tracy,Hanrahan,thanrahan2o@sina.com.cn,Female,183.208.207.67
98,Baryram,Thews,bthews2p@comcast.net,Male,41.113.28.228
99,Xenia,Orgel,xorgel2q@weebly.com,Female,250.68.229.248
100,Roderigo,Briat,rbriat2r@hugedomains.com,Male,106.41.227.116
101,Selestina,Grimley,sgrimley2s@flickr.com,Female,80.77.105.39
102,Cyrus,Tomkinson,ctomkinson2t@omniture.com,Male,72.88.117.229
103,Martica,Barnfather,mbarnfather2u@tuttocitta.it,Genderfluid,11.255.116.143
104,Catharine,Stearndale,cstearndale2v@gravatar.com,Female,141.177.81.175
105,Dacia,Treverton,dtreverton2w@ustream.tv,Female,68.67.37.114
106,Miguelita,Ceillier,mceillier2x@nasa.gov,Female,254.95.128.68
107,Asa,Shallcrass,ashallcrass2y@clickbank.net,Male,74.141.17.185
108,Valentia,Lergan,vlergan2z@163.com,Female,206.41.12.1
109,Rob,Daine,rdaine30@netlog.com,Male,124.153.84.21
110,Avrit,Merriott,amerriott31@marketwatch.com,Female,53.101.65.210
111,Mic,Anespie,manespie32@deviantart.com,Male,196.153.117.192
112,Goldy,Fochs,gfochs33@slideshare.net,Female,166.89.227.208
113,Benson,MacAllan,bmacallan34@sciencedirect.com,Male,4.36.69.165
114,Rowland,Bellini,rbellini35@xinhuanet.com,Male,21.198.163.3
115,Mathew,Savaage,msavaage36@yelp.com,Male,42.22.213.13
116,Egan,Dincey,edincey37@blogtalkradio.com,Male,69.49.132.16
117,Isaiah,Careswell,icareswell38@mapy.cz,Non-binary,198.131.153.162
118,Carolin,Madoc-Jones,cmadocjones39@dagondesign.com,Non-binary,121.202.26.125
119,Dev,Roo,droo3a@aboutads.info,Male,8.33.238.100
120,Dag,Jagielski,djagielski3b@free.fr,Male,13.160.40.91
121,Ricoriki,Haggett,rhaggett3c@baidu.com,Male,28.134.219.63
122,Krishnah,Cheley,kcheley3d@google.ru,Male,13.169.137.58
123,Gabi,Davidai,gdavidai3e@mozilla.org,Female,108.10.69.17
124,Jyoti,Worsham,jworsham3f@symantec.com,Female,141.158.196.185
125,Clare,Ovize,covize3g@linkedin.com,Female,203.214.81.25
126,Tim,Monshall,tmonshall3h@wikimedia.org,Female,84.200.80.244
127,Tobiah,Blew,tblew3i@ucsd.edu,Male,215.73.245.47
128,Cob,Cogswell,ccogswell3j@meetup.com,Male,19.255.1.30
129,Sibylla,McTrustram,smctrustram3k@bbb.org,Agender,141.104.227.160
130,Hersch,Manginot,hmanginot3l@livejournal.com,Non-binary,109.132.172.197
131,Jaimie,Pervoe,jpervoe3m@prlog.org,Male,62.170.31.38
132,Roselin,Denmead,rdenmead3n@usatoday.com,Female,145.38.226.146
133,Veronique,Josupeit,vjosupeit3o@businesswire.com,Female,191.28.8.140
134,Marsha,Sadat,msadat3p@whitehouse.gov,Female,56.125.179.153
135,Marylin,Pleuman,mpleuman3q@exblog.jp,Female,37.100.82.229
136,Rozina,Rolin,rrolin3r@google.ca,Female,48.92.6.99
137,Claire,Fearnyhough,cfearnyhough3s@theguardian.com,Male,188.75.229.93
138,Aili,Fries,afries3t@tiny.cc,Female,111.203.111.5
139,Karmen,Piquard,kpiquard3u@nytimes.com,Female,132.95.100.235
140,Marjie,Hartburn,mhartburn3v@fema.gov,Female,66.66.26.92
141,Duffy,Whate,dwhate3w@plala.or.jp,Male,163.183.55.235
142,Reginald,Droghan,rdroghan3x@sphinn.com,Male,59.5.231.251
143,Brit,Willmore,bwillmore3y@goo.ne.jp,Male,235.79.98.214
144,Tudor,Ivery,tivery3z@virginia.edu,Male,225.208.171.132
145,Valene,Guntrip,vguntrip40@upenn.edu,Female,99.111.20.188
146,Joelie,Nurny,jnurny41@edublogs.org,Female,37.206.143.250
147,Benedick,Falloon,bfalloon42@reference.com,Male,73.239.128.39
148,Kean,Eeles,keeles43@newyorker.com,Male,140.159.248.143
149,Benedikt,Crosio,bcrosio44@delicious.com,Male,189.240.90.208
150,Ainslee,Baumford,abaumford45@slashdot.org,Genderfluid,132.225.213.225
151,Kerwin,Winspar,kwinspar46@e-recht24.de,Male,86.3.142.104
152,Oralia,Garrud,ogarrud47@last.fm,Female,45.3.234.251
153,Kalvin,Beran,kberan48@salon.com,Male,38.102.189.91
154,Timmi,Deal,tdeal49@ucla.edu,Female,113.206.7.163
155,Gaspard,Rauprich,grauprich4a@vistaprint.com,Male,207.206.144.78
156,Tuesday,Jacobbe,tjacobbe4b@reuters.com,Female,216.141.99.165
157,Correy,Birchill,cbirchill4c@jalbum.net,Genderqueer,122.223.121.224
158,Elita,Gatland,egatland4d@epa.gov,Female,5.192.154.110
159,Zitella,Ciciari,zciciari4e@washingtonpost.com,Female,143.91.20.141
160,Tara,Waldie,twaldie4f@qq.com,Female,156.141.40.218
161,Hannis,Pietruschka,hpietruschka4g@barnesandnoble.com,Female,186.97.39.102
162,Lita,Goane,lgoane4h@hibu.com,Female,60.110.101.143
163,Roosevelt,Kittel,rkittel4i@123-reg.co.uk,Male,164.164.118.142
164,Rosene,Gallie,rgallie4j@squidoo.com,Female,21.243.27.10
165,Ofella,Flade,oflade4k@cocolog-nifty.com,Female,29.175.29.63
166,Drusy,Everleigh,deverleigh4l@drupal.org,Female,103.49.125.44
167,Stephan,Bambridge,sbambridge4m@economist.com,Male,54.84.1.139
168,Vilhelmina,Cordobes,vcordobes4n@t-online.de,Female,119.221.197.140
169,Yevette,Manssuer,ymanssuer4o@cafepress.com,Non-binary,234.235.167.34
170,Hamlin,Turfrey,hturfrey4p@ox.ac.uk,Male,56.95.172.162
171,Erskine,Elleton,eelleton4q@cocolog-nifty.com,Male,63.128.52.107
172,Clarissa,Denzey,cdenzey4r@fema.gov,Female,92.214.183.160
173,Miltie,Garham,mgarham4s@cafepress.com,Male,13.240.29.191
174,Juliet,Crosswaite,jcrosswaite4t@vistaprint.com,Female,175.11.3.16
175,Marin,Andrich,mandrich4u@vistaprint.com,Female,155.221.192.129
176,Worden,Sandells,wsandells4v@surveymonkey.com,Male,53.196.126.97
177,Timothee,Lepope,tlepope4w@time.com,Male,240.92.181.13
178,Gage,Weymont,gweymont4x@creativecommons.org,Male,98.227.5.243
179,Vaclav,Licari,vlicari4y@utexas.edu,Male,230.223.101.137
180,Marylou,Arnot,marnot4z@salon.com,Female,147.30.70.7
181,Rawley,Gaye,rgaye50@paginegialle.it,Male,160.179.43.208
182,Ursa,Fountian,ufountian51@abc.net.au,Female,83.41.86.88
183,Walliw,D'Emanuele,wdemanuele52@go.com,Female,201.130.210.147
184,Sherill,Harland,sharland53@gov.uk,Female,225.27.182.166
185,Lilian,Titcombe,ltitcombe54@jiathis.com,Female,70.84.112.195
186,Cass,Braybrooks,cbraybrooks55@apple.com,Female,143.240.200.126
187,Josselyn,Commusso,jcommusso56@skype.com,Female,88.13.146.214
188,Rooney,Westhead,rwesthead57@tinypic.com,Genderqueer,33.216.24.229
189,Lynn,Migheli,lmigheli58@parallels.com,Male,242.177.77.2
190,Packston,Coie,pcoie59@senate.gov,Male,143.215.141.50
191,Perkin,Heape,pheape5a@wikia.com,Male,54.198.232.164
192,Darya,Lawry,dlawry5b@ox.ac.uk,Female,181.185.239.69
193,Symon,Lightbown,slightbown5c@intel.com,Male,255.27.13.58
194,Calley,Rubartelli,crubartelli5d@godaddy.com,Female,250.21.225.28
195,Butch,Cokayne,bcokayne5e@imageshack.us,Male,231.171.176.156
196,Arlin,Ollivierre,aollivierre5f@epa.gov,Genderqueer,97.134.159.200
197,Sharona,Barke,sbarke5g@is.gd,Female,0.110.239.35
198,Cecilia,Bevir,cbevir5h@g.co,Female,105.17.244.45
199,Petronia,Bernholt,pbernholt5i@jigsy.com,Female,187.158.121.248
200,Dacy,Lashmore,dlashmore5j@vk.com,Female,179.40.151.75
201,Dorette,Backler,dbackler5k@oracle.com,Female,92.91.13.245
202,Carney,Lintot,clintot5l@eventbrite.com,Male,154.0.196.17
203,Ros,Chazerand,rchazerand5m@comsenz.com,Female,99.233.232.71
204,Jeannine,Philipp,jphilipp5n@themeforest.net,Female,169.228.80.230
205,Kaycee,Lakes,klakes5o@gov.uk,Female,212.59.76.154
206,Waylan,Faithorn,wfaithorn5p@sohu.com,Male,117.233.49.210
207,Catharine,Good,cgood5q@uol.com.br,Female,64.110.159.106
208,Keen,Benley,kbenley5r@yellowbook.com,Male,105.153.227.69
209,Jelene,Davidovitz,jdavidovitz5s@imgur.com,Female,4.154.63.202
210,Gilberta,Thoms,gthoms5t@sciencedirect.com,Female,123.44.146.65
211,Butch,Roskelley,broskelley5u@behance.net,Male,102.55.92.77
212,Leann,Cosser,lcosser5v@businesswire.com,Female,182.48.60.40
213,Cindy,Harling,charling5w@dell.com,Female,127.112.192.185
214,Nan,Fullicks,nfullicks5x@blinklist.com,Female,195.33.68.137
215,Marice,Swendell,mswendell5y@ucsd.edu,Female,249.108.85.220
216,Humphrey,Testro,htestro5z@aol.com,Male,189.149.250.177
217,Charity,Villar,cvillar60@example.com,Female,21.226.90.11
218,Hendrika,Mosedall,hmosedall61@yale.edu,Female,13.227.163.217
219,Hadrian,Fantonetti,hfantonetti62@webnode.com,Male,242.116.114.195
220,Cozmo,Twitty,ctwitty63@auda.org.au,Male,22.63.88.28
221,Reine,Markova,rmarkova64@cmu.edu,Female,143.248.91.29
222,Jessi,MacDougall,jmacdougall65@ucsd.edu,Female,160.30.58.198
223,Morlee,Gilhooly,mgilhooly66@economist.com,Male,144.81.204.218
224,Conan,Pontefract,cpontefract67@toplist.cz,Male,172.22.248.214
225,Nicola,Scurr,nscurr68@goo.gl,Male,142.188.169.223
226,Garey,McSperron,gmcsperron69@harvard.edu,Male,179.202.82.156
227,Netta,Inold,ninold6a@artisteer.com,Female,67.111.189.134
228,Anabal,Andryunin,aandryunin6b@dot.gov,Female,189.136.120.40
229,Sibley,Eads,seads6c@stanford.edu,Female,55.63.221.231
230,Teodor,Vogeller,tvogeller6d@cocolog-nifty.com,Genderfluid,166.110.236.45
231,Demetre,Cranfield,dcranfield6e@fema.gov,Male,233.110.188.250
232,Rikki,Cheale,rcheale6f@reverbnation.com,Male,108.0.88.57
233,Rodolphe,Devonport,rdevonport6g@blog.com,Male,245.185.65.168
234,Sigvard,Renon,srenon6h@themeforest.net,Male,7.55.232.182
235,Kelley,Bilbrooke,kbilbrooke6i@jalbum.net,Female,85.18.199.218
236,Colin,Northwood,cnorthwood6j@reuters.com,Male,81.12.200.128
237,Maggee,Burlingame,mburlingame6k@paginegialle.it,Female,181.115.110.246
238,Nataniel,Pudge,npudge6l@blinklist.com,Male,21.251.120.88
239,Mead,Eadmeads,meadmeads6m@posterous.com,Female,185.119.190.71
240,Annabelle,Chalice,achalice6n@cnn.com,Female,181.254.84.59
241,Gaby,Sheeran,gsheeran6o@sciencedaily.com,Polygender,140.140.63.2
242,Saba,Peddie,speddie6p@bigcartel.com,Female,1.193.3.96
243,Iggie,Cluatt,icluatt6q@skype.com,Male,193.25.81.163
244,Barris,Pigny,bpigny6r@bloomberg.com,Male,119.239.122.41
245,Sheelagh,Dutson,sdutson6s@bloomberg.com,Female,217.49.113.42
246,Kit,Borless,kborless6t@disqus.com,Male,247.249.167.4
247,Jemmie,McCourtie,jmccourtie6u@qq.com,Female,248.132.125.13
248,Tarrah,Peters,tpeters6v@privacy.gov.au,Female,149.50.105.179
249,Quentin,Beardmore,qbeardmore6w@spotify.com,Male,23.116.99.234
250,Wendell,Kamenar,wkamenar6x@wufoo.com,Male,35.145.221.203
251,Chas,Ninnoli,cninnoli6y@opensource.org,Male,35.171.43.200
252,Ange,Witling,awitling6z@unicef.org,Male,215.63.71.59
253,Margy,Ivanets,mivanets70@usatoday.com,Female,74.108.18.223
254,Delmar,Dalrymple,ddalrymple71@samsung.com,Male,21.138.67.25
255,Willie,Ellson,wellson72@bbb.org,Female,253.235.111.106
256,Leonie,Sudy,lsudy73@domainmarket.com,Female,245.223.162.37
257,Grazia,Stockall,gstockall74@cornell.edu,Female,32.198.115.59
258,Buddy,Shanley,bshanley75@hud.gov,Male,130.99.68.174
259,Rina,Romero,rromero76@amazonaws.com,Female,58.125.30.22
260,Karil,Baroch,kbaroch77@ca.gov,Female,108.38.96.196
261,Curt,Jouanet,cjouanet78@livejournal.com,Male,182.43.5.186
262,Olympe,Howieson,ohowieson79@nps.gov,Female,142.169.31.116
263,Oneida,Feakins,ofeakins7a@i2i.jp,Female,200.85.205.130
264,Teddi,Secretan,tsecretan7b@t-online.de,Female,184.152.41.138
265,Noelle,Brydon,nbrydon7c@wikimedia.org,Female,138.190.234.128
266,Margret,Mandrey,mmandrey7d@zdnet.com,Female,46.159.141.71
267,Fredek,Fisbey,ffisbey7e@moonfruit.com,Male,87.92.86.209
268,Gilbertina,Ketchen,gketchen7f@google.de,Female,21.13.186.168
269,Nerita,Danihel,ndanihel7g@oakley.com,Female,57.212.49.66
270,Hilly,Mallall,hmallall7h@latimes.com,Male,66.47.213.149
271,Madeline,Hatto,mhatto7i@angelfire.com,Female,109.22.99.145
272,Mandi,Tidd,mtidd7j@chronoengine.com,Female,189.243.244.20
273,Karoline,Akroyd,kakroyd7k@live.com,Female,200.240.92.34
274,Lynde,Wenden,lwenden7l@baidu.com,Female,0.252.175.9
275,Kaila,Klausen,kklausen7m@webnode.com,Female,206.160.73.4
276,Gauthier,Jeacocke,gjeacocke7n@usgs.gov,Male,129.192.236.53
277,Matty,Cowe,mcowe7o@newyorker.com,Female,138.212.144.204
278,Hadrian,Oultram,houltram7p@dell.com,Bigender,62.33.75.32
279,Jessamine,Dyas,jdyas7q@foxnews.com,Female,73.177.100.74
280,Cosmo,Gernier,cgernier7r@ycombinator.com,Male,27.214.172.252
281,Annabal,Blaszkiewicz,ablaszkiewicz7s@ucoz.ru,Female,104.185.4.240
282,Auberta,Stansell,astansell7t@sfgate.com,Female,102.33.58.222
283,Danielle,Oultram,doultram7u@bloomberg.com,Female,213.116.76.61
284,Norrie,Light,nlight7v@utexas.edu,Male,33.237.51.163
285,Goldarina,Grinaway,ggrinaway7w@issuu.com,Female,134.129.144.248
286,Carling,Griggs,cgriggs7x@symantec.com,Male,119.252.5.96
287,Tudor,Bangham,tbangham7y@disqus.com,Polygender,197.71.196.174
288,Nanete,Newband,nnewband7z@google.nl,Female,154.164.105.236
289,Mada,Lownie,mlownie80@gov.uk,Female,225.156.3.125
290,Sunny,Pabel,spabel81@flickr.com,Genderfluid,120.42.243.84
291,Dorie,Blampied,dblampied82@aol.com,Male,42.164.99.8
292,Ches,Rowbury,crowbury83@flavors.me,Male,207.27.214.210
293,Jonathon,Dadson,jdadson84@barnesandnoble.com,Male,153.91.178.36
294,Angy,MacMechan,amacmechan85@moonfruit.com,Female,0.92.253.221
295,Herold,Klimpke,hklimpke86@paypal.com,Male,151.171.163.37
296,Miles,McGeachey,mmcgeachey87@hp.com,Non-binary,94.72.249.203
297,Ozzy,Bice,obice88@tripadvisor.com,Male,160.54.158.75
298,Vin,Vinten,vvinten89@wikimedia.org,Male,159.149.139.63
299,Renae,Sollars,rsollars8a@unicef.org,Female,128.187.43.94
300,Pinchas,Bax,pbax8b@jugem.jp,Polygender,89.240.245.193
301,Kellia,Joanic,kjoanic8c@nih.gov,Female,205.112.250.170
302,Beryle,Boxill,bboxill8d@linkedin.com,Female,186.99.210.5
303,Husain,Dunn,hdunn8e@prlog.org,Male,2.15.226.8
304,Pen,Farnham,pfarnham8f@wikia.com,Female,50.1.135.190
305,Jamison,Trenholm,jtrenholm8g@yelp.com,Male,143.97.229.138
306,Mitchael,Cheine,mcheine8h@dagondesign.com,Male,90.11.113.1
307,Danice,Bourget,dbourget8i@state.tx.us,Female,177.161.128.182
308,Urban,Bentley,ubentley8j@twitter.com,Male,181.199.73.119
309,Dorotea,Vardy,dvardy8k@boston.com,Female,202.148.117.56
310,Hagan,Bartoshevich,hbartoshevich8l@newyorker.com,Male,133.187.94.243
311,Park,Hitscher,phitscher8m@jimdo.com,Male,62.12.220.99
312,Samara,Gherardelli,sgherardelli8n@bloglines.com,Female,197.228.159.31
313,Chariot,Jefford,cjefford8o@ucoz.ru,Male,41.129.226.155
314,Viviene,Labon,vlabon8p@ft.com,Female,125.15.164.57
315,Darrin,Haugh,dhaugh8q@nps.gov,Male,36.19.213.232
316,Ximenez,McCart,xmccart8r@shinystat.com,Male,155.14.93.19
317,Tabb,Giffaut,tgiffaut8s@symantec.com,Male,162.107.121.222
318,Aldon,Spancock,aspancock8t@yahoo.co.jp,Male,66.124.63.191
319,Ashley,Huskisson,ahuskisson8u@mozilla.org,Female,120.212.115.95
320,Boyce,Gashion,bgashion8v@ca.gov,Male,209.252.216.89
321,Mendel,Jakoviljevic,mjakoviljevic8w@dailymotion.com,Male,86.179.154.166
322,Harriott,Faircliff,hfaircliff8x@so-net.ne.jp,Female,111.82.230.138
323,Randolph,Paulson,rpaulson8y@abc.net.au,Male,242.144.9.227
324,Lynnelle,Wybern,lwybern8z@wix.com,Female,190.64.167.116
325,Sibyl,Faltin,sfaltin90@vinaora.com,Male,149.97.16.101
326,Fredrick,O'Shevlin,foshevlin91@geocities.com,Male,238.132.247.239
327,Arlee,Narraway,anarraway92@icio.us,Female,86.116.80.254
328,Fredi,Huc,fhuc93@mysql.com,Female,235.49.182.93
329,Gill,Cunah,gcunah94@digg.com,Female,13.13.191.252
330,Helen-elizabeth,Cavilla,hcavilla95@bloglines.com,Female,235.233.42.14
331,Charis,Curzon,ccurzon96@mapy.cz,Female,75.85.186.155
332,Wallis,Duggary,wduggary97@zimbio.com,Female,12.101.63.168
333,Aliza,Alastair,aalastair98@cdbaby.com,Female,63.100.246.157
334,Alvira,Learmonth,alearmonth99@cdbaby.com,Female,57.89.248.250
335,Fiann,Olivetti,folivetti9a@skyrock.com,Female,130.64.21.39
336,Ned,Laidlow,nlaidlow9b@house.gov,Male,11.143.33.122
337,Harland,Souttar,hsouttar9c@naver.com,Male,42.210.57.85
338,Denys,Byford,dbyford9d@usa.gov,Male,54.62.8.52
339,Price,Hylands,phylands9e@hud.gov,Male,94.156.74.29
340,Bette,Barhem,bbarhem9f@example.com,Genderfluid,214.8.106.220
341,Ailbert,Keenlayside,akeenlayside9g@ow.ly,Male,14.36.161.213
342,Elene,Cufley,ecufley9h@ucoz.com,Female,166.135.164.240
343,Hetti,Dover,hdover9i@chron.com,Female,133.181.143.136
344,Katie,McFall,kmcfall9j@dagondesign.com,Female,125.144.46.215
345,Roda,Titterrell,rtitterrell9k@merriam-webster.com,Female,150.47.28.12
346,Keven,Jirus,kjirus9l@netscape.com,Male,76.44.151.196
347,Jeanna,Surpliss,jsurpliss9m@ucoz.com,Female,2.118.201.210
348,Claudio,Di Biasio,cdibiasio9n@over-blog.com,Male,208.133.176.148
349,Noe,Absalom,nabsalom9o@washingtonpost.com,Male,104.6.105.127
350,Mic,Sabatier,msabatier9p@abc.net.au,Male,213.150.165.218
351,Vincenty,Hanford,vhanford9q@ucoz.ru,Male,8.225.240.193
352,Pietrek,Lombard,plombard9r@jalbum.net,Male,36.72.60.238
353,Albrecht,Hartzenberg,ahartzenberg9s@soundcloud.com,Male,148.15.87.67
354,Urbain,MacCurlye,umaccurlye9t@sfgate.com,Male,204.25.39.89
355,Garfield,Gianuzzi,ggianuzzi9u@ft.com,Male,174.51.46.226
356,Benton,Christauffour,bchristauffour9v@time.com,Male,108.250.81.96
357,Mikol,Divina,mdivina9w@independent.co.uk,Male,9.8.31.175
358,Dacy,Pitkeathly,dpitkeathly9x@ucsd.edu,Female,215.247.146.248
359,Morgen,Conklin,mconklin9y@addtoany.com,Genderqueer,5.110.78.29
360,Elton,Asif,easif9z@wsj.com,Male,158.96.100.40
361,Susanna,Harness,sharnessa0@github.com,Female,80.194.249.7
362,Roy,Todeo,rtodeoa1@ezinearticles.com,Male,16.53.100.151
363,Rowena,Gannan,rgannana2@delicious.com,Female,128.46.248.105
364,Jordana,Wackett,jwacketta3@examiner.com,Female,241.77.31.65
365,Arie,Dow,adowa4@sciencedirect.com,Male,187.214.109.202
366,Jethro,Bairnsfather,jbairnsfathera5@desdev.cn,Male,142.21.9.1
367,Margie,O'Shavlan,moshavlana6@mashable.com,Female,73.44.138.115
368,Uta,Handlin,uhandlina7@nps.gov,Polygender,203.215.167.96
369,Dora,Meredyth,dmeredytha8@irs.gov,Female,169.113.33.221
370,Camilla,Shoebridge,cshoebridgea9@nytimes.com,Female,56.225.166.86
371,Toddy,Weeks,tweeksaa@uiuc.edu,Male,178.167.213.98
372,Bronnie,Pipworth,bpipworthab@wikipedia.org,Male,105.204.151.238
373,Cassius,Marcussen,cmarcussenac@archive.org,Polygender,25.223.214.225
374,Brooks,Beldam,bbeldamad@pinterest.com,Female,180.170.137.238
375,Leodora,Tuffrey,ltuffreyae@constantcontact.com,Female,190.52.204.243
376,Valentia,Bartul,vbartulaf@cdc.gov,Female,133.149.169.133
377,Aggi,Gosnoll,agosnollag@wired.com,Female,241.124.161.14
378,Aileen,Pargeter,apargeterah@aboutads.info,Female,62.223.10.185
379,Prisca,Cholerton,pcholertonai@virginia.edu,Female,147.62.39.72
380,Stanislas,Dumingos,sdumingosaj@geocities.com,Male,190.171.205.195
381,Phillida,Colls,pcollsak@newyorker.com,Female,209.13.175.245
382,Lutero,Jacomb,ljacombal@discuz.net,Male,153.57.147.214
383,Leonora,Van der Kruys,lvanderkruysam@disqus.com,Female,117.71.2.12
384,Tabitha,Quest,tquestan@etsy.com,Female,55.255.68.208
385,Janene,Gorse,jgorseao@eventbrite.com,Female,135.225.1.248
386,Celine,Beer,cbeerap@google.es,Female,148.161.199.63
387,Lammond,Staddon,lstaddonaq@blogspot.com,Male,163.165.32.189
388,Siouxie,Venediktov,svenediktovar@gmpg.org,Female,174.189.235.207
389,Mariejeanne,Greening,mgreeningas@ifeng.com,Agender,210.164.228.159
390,Andy,Donnan,adonnanat@cbslocal.com,Female,217.15.9.234
391,Ferdy,Filby,ffilbyau@cbsnews.com,Male,130.167.179.202
392,Sheffield,Sedge,ssedgeav@homestead.com,Male,64.103.19.143
393,Guss,Delacroix,gdelacroixaw@wiley.com,Male,199.93.80.138
394,Mei,Cornock,mcornockax@ed.gov,Female,71.174.249.118
395,Donella,Elby,delbyay@ehow.com,Female,132.182.99.181
396,Corrie,Collier,ccollieraz@newsvine.com,Female,77.134.122.42
397,Iorgos,Trim,itrimb0@constantcontact.com,Male,194.127.155.129
398,Rodrique,Gover,rgoverb1@xinhuanet.com,Male,160.200.241.39
399,Randie,Lethcoe,rlethcoeb2@whitehouse.gov,Polygender,155.11.232.126
400,Consolata,Tunny,ctunnyb3@reuters.com,Female,40.212.97.124
401,Dewain,Bleibaum,dbleibaumb4@toplist.cz,Male,120.146.171.228
402,Hildegaard,Linkleter,hlinkleterb5@rambler.ru,Female,72.181.167.74
403,Hilarius,Slixby,hslixbyb6@washington.edu,Male,232.134.140.86
404,Kial,Reveley,kreveleyb7@plala.or.jp,Genderqueer,174.47.106.206
405,Allissa,Vaugham,avaughamb8@clickbank.net,Non-binary,212.107.228.167
406,Riley,Derricoat,rderricoatb9@g.co,Male,208.191.1.175
407,Joseito,Manvell,jmanvellba@samsung.com,Male,227.224.98.42
408,Claire,Shane,cshanebb@hostgator.com,Agender,206.137.62.234
409,Erna,Upham,euphambc@twitter.com,Female,133.175.252.102
410,Helenka,Cadwell,hcadwellbd@github.com,Female,14.230.79.87
411,Danit,Strong,dstrongbe@digg.com,Agender,123.224.73.17
412,Yancy,Rook,yrookbf@acquirethisname.com,Male,167.186.135.136
413,Scottie,Aucutt,saucuttbg@ameblo.jp,Male,45.135.125.77
414,Jessie,Jerrard,jjerrardbh@disqus.com,Male,225.106.173.182
415,Dion,Brockton,dbrocktonbi@answers.com,Male,136.9.105.209
416,Armstrong,Tallis,atallisbj@tinypic.com,Male,44.251.31.181
417,Cozmo,Orkney,corkneybk@posterous.com,Male,101.151.88.75
418,Tresa,Cashley,tcashleybl@naver.com,Female,190.46.46.27
419,Mitchell,Salmons,msalmonsbm@dailymail.co.uk,Polygender,173.99.160.63
420,Mikol,Cory,mcorybn@jugem.jp,Genderqueer,215.131.27.126
421,Trefor,Wornham,twornhambo@blinklist.com,Male,46.128.20.87
422,Kyle,Feben,kfebenbp@angelfire.com,Male,47.209.48.195
423,Marrissa,Hanne,mhannebq@nationalgeographic.com,Female,232.153.244.29
424,Leonhard,Bendel,lbendelbr@nasa.gov,Non-binary,250.205.152.176
425,Marcie,Ducroe,mducroebs@tiny.cc,Female,4.198.153.31
426,Tuck,Szymaniak,tszymaniakbt@google.cn,Male,239.170.186.154
427,Ryon,Darrell,rdarrellbu@smugmug.com,Agender,151.30.124.237
428,Paten,Stogill,pstogillbv@auda.org.au,Male,113.137.145.241
429,Mendel,Patesel,mpateselbw@qq.com,Male,21.239.205.61
430,Charlton,Corner,ccornerbx@youtu.be,Male,154.110.245.217
431,Lark,Rourke,lrourkeby@japanpost.jp,Female,119.92.110.248
432,Batsheva,Chaimson,bchaimsonbz@unesco.org,Female,58.198.143.154
433,Mikel,Herche,mherchec0@unicef.org,Male,251.17.143.254
434,Shaine,Broodes,sbroodesc1@pbs.org,Male,23.106.33.137
435,Merissa,Ackeroyd,mackeroydc2@loc.gov,Bigender,107.71.239.195
436,Prentice,McCullum,pmccullumc3@toplist.cz,Male,240.65.61.21
437,Melany,Jackson,mjacksonc4@slashdot.org,Genderqueer,108.255.168.47
438,Yank,Philipeau,yphilipeauc5@wsj.com,Agender,148.37.79.217
439,Nestor,Standish-Brooks,nstandishbrooksc6@example.com,Male,102.108.136.17
440,Phillipe,Louisot,plouisotc7@myspace.com,Male,229.244.66.103
441,Jase,Fellenor,jfellenorc8@wired.com,Male,215.59.155.92
442,Arvin,Bispo,abispoc9@google.cn,Male,229.118.10.90
443,Reginauld,Kildahl,rkildahlca@phoca.cz,Male,135.138.56.22
444,Niven,Walesby,nwalesbycb@pen.io,Male,161.124.34.178
445,Ruby,Askin,raskincc@paginegialle.it,Female,250.250.221.156
446,Corbin,Light,clightcd@facebook.com,Male,6.28.245.116
447,Gregoor,Gillan,ggillance@g.co,Male,143.29.117.128
448,Alexine,Burree,aburreecf@mit.edu,Female,231.148.200.205
449,Alon,Lorait,aloraitcg@goodreads.com,Male,78.79.48.90
450,Emelita,Worsell,eworsellch@webnode.com,Female,252.97.82.170
451,Enrica,Hansley,ehansleyci@seattletimes.com,Female,224.142.0.95
452,Nester,Leckey,nleckeycj@rambler.ru,Male,27.212.124.60
453,Sauncho,Sisse,ssisseck@dell.com,Male,13.243.116.145
454,Kelcy,Loft,kloftcl@furl.net,Female,146.64.1.9
455,Jakie,Goby,jgobycm@symantec.com,Male,213.18.4.30
456,Giustino,Polkinhorn,gpolkinhorncn@pinterest.com,Genderqueer,46.151.29.214
457,Olin,Ferrand,oferrandco@google.co.uk,Male,161.231.45.193
458,Job,Reagan,jreagancp@phpbb.com,Male,230.52.33.52
459,Annabela,Simco,asimcocq@csmonitor.com,Female,129.198.71.209
460,Nanine,Hunsworth,nhunsworthcr@dailymotion.com,Female,120.27.245.27
461,Elmer,Cuerdall,ecuerdallcs@pcworld.com,Male,51.171.153.89
462,Harlen,Rajchert,hrajchertct@wikipedia.org,Male,88.64.130.80
463,Jamey,Sebborn,jsebborncu@dyndns.org,Male,140.102.137.95
464,Georges,Bengtsson,gbengtssoncv@photobucket.com,Male,66.145.215.140
465,Lombard,Poolman,lpoolmancw@google.de,Male,56.121.122.236
466,Dre,Aland,dalandcx@slate.com,Female,246.229.91.32
467,Nadya,Brambley,nbrambleycy@google.es,Female,102.103.140.202
468,Cristen,Breedy,cbreedycz@gmpg.org,Female,136.2.65.136
469,Olwen,Chalkly,ochalklyd0@vimeo.com,Female,75.71.115.220
470,Susanne,Carling,scarlingd1@histats.com,Non-binary,67.235.7.15
471,Sayers,Sidon,ssidond2@constantcontact.com,Male,138.179.81.170
472,Clyve,Calafato,ccalafatod3@addthis.com,Male,15.226.166.162
473,Fax,Yea,fyead4@bbc.co.uk,Male,153.190.1.18
474,Paco,Halpin,phalpind5@washingtonpost.com,Male,245.124.246.159
475,Jean,Ragot,jragotd6@whitehouse.gov,Male,91.129.202.21
476,Wandie,Sausman,wsausmand7@baidu.com,Female,132.94.65.25
477,Mellisa,Sterland,msterlandd8@sogou.com,Female,247.220.159.156
478,Finley,Navaro,fnavarod9@hhs.gov,Male,39.110.12.245
479,Costanza,Picknett,cpicknettda@usatoday.com,Female,60.68.20.79
480,Ulises,Woolger,uwoolgerdb@amazonaws.com,Male,207.77.106.248
481,Joice,Dutnall,jdutnalldc@taobao.com,Female,146.68.23.194
482,Elfrieda,Kitchingman,ekitchingmandd@ucla.edu,Female,0.253.35.163
483,Kirsteni,Loftus,kloftusde@moonfruit.com,Female,63.82.35.155
484,Deeanne,Hellsdon,dhellsdondf@fda.gov,Female,193.147.26.204
485,Dorolisa,Beel,dbeeldg@narod.ru,Female,167.78.185.125
486,Caritta,Strick,cstrickdh@oakley.com,Female,26.3.80.4
487,Agnola,Pethick,apethickdi@biglobe.ne.jp,Female,218.48.13.89
488,Tomasine,Seamons,tseamonsdj@51.la,Female,238.149.160.224
489,Monique,Cosgreave,mcosgreavedk@bbc.co.uk,Female,166.110.6.190
490,Flory,Grassi,fgrassidl@opensource.org,Female,227.107.229.49
491,Baxter,Sinkin,bsinkindm@narod.ru,Male,161.52.205.119
492,Layton,Meharry,lmeharrydn@foxnews.com,Male,152.211.156.14
493,Byrle,Reeme,breemedo@posterous.com,Male,183.173.67.87
494,Essa,Szreter,eszreterdp@wufoo.com,Female,112.84.247.168
495,Gizela,Goudman,ggoudmandq@t-online.de,Agender,47.218.119.203
496,Fern,Rodliff,frodliffdr@tuttocitta.it,Female,134.152.46.211
497,Vasily,Gerger,vgergerds@irs.gov,Male,148.102.62.164
498,Cross,Sherlock,csherlockdt@mysql.com,Male,213.195.111.63
499,Arly,Odney,aodneydu@ted.com,Female,151.136.58.186
500,Celle,Issett,cissettdv@marketwatch.com,Female,86.39.10.242
501,Emmye,Simionescu,esimionescudw@moonfruit.com,Female,29.37.18.110
502,Rikki,Arnold,rarnolddx@hc360.com,Male,112.194.100.107
503,Almeda,Suter,asuterdy@howstuffworks.com,Female,222.89.197.200
504,Jock,Brinded,jbrindeddz@washington.edu,Male,255.115.67.100
505,Kingsly,Brayshaw,kbrayshawe0@cam.ac.uk,Male,201.36.29.207
506,Kelsi,Le Noir,klenoire1@friendfeed.com,Polygender,127.196.200.189
507,Roze,Schruyers,rschruyerse2@cnn.com,Female,137.202.183.198
508,Cammy,Proppers,cpropperse3@eepurl.com,Female,238.151.170.155
509,Amory,Jeffcock,ajeffcocke4@latimes.com,Male,30.167.40.12
510,Godfrey,Hedan,ghedane5@themeforest.net,Genderfluid,57.84.97.199
511,Joyce,Julien,jjuliene6@tinypic.com,Female,191.130.212.247
512,Johnnie,Laffin,jlaffine7@sourceforge.net,Male,137.215.89.150
513,Elvis,MacLaverty,emaclavertye8@constantcontact.com,Male,118.17.40.235
514,Timmy,Haistwell,thaistwelle9@scribd.com,Male,178.192.96.74
515,Filip,Pegler,fpeglerea@cbslocal.com,Male,87.195.158.120
516,Christy,Gwyneth,cgwynetheb@angelfire.com,Bigender,139.101.32.65
517,Isidore,Stubbs,istubbsec@soup.io,Male,41.94.152.247
518,Luz,Fellowes,lfellowesed@baidu.com,Female,141.187.17.228
519,Devlen,Triplet,dtripletee@technorati.com,Non-binary,44.119.58.94
520,Lindsy,Urquhart,lurquhartef@cargocollective.com,Female,118.59.51.137
521,Court,Clarke-Williams,cclarkewilliamseg@walmart.com,Male,133.84.47.14
522,Liuka,Marquese,lmarqueseeh@exblog.jp,Female,65.146.39.238
523,Charlene,Poznanski,cpoznanskiei@simplemachines.org,Female,62.187.178.141
524,Brear,Whiffin,bwhiffinej@nature.com,Female,209.176.211.228
525,Gwenora,Duesberry,gduesberryek@booking.com,Female,110.171.131.112
526,Ansel,Wasiel,awasielel@sina.com.cn,Genderqueer,44.166.187.142
527,Barri,Relph,brelphem@kickstarter.com,Male,88.115.131.198
528,Darrick,Dunstall,ddunstallen@ihg.com,Male,241.106.110.151
529,Witty,Dosdale,wdosdaleeo@lycos.com,Agender,68.170.22.207
530,Beryle,Gutcher,bgutcherep@surveymonkey.com,Female,113.170.20.45
531,Gaston,Stoodley,gstoodleyeq@wikispaces.com,Male,93.184.60.237
532,Albert,Ferebee,aferebeeer@angelfire.com,Male,26.160.76.219
533,Ricky,Acory,racoryes@hhs.gov,Female,95.23.236.129
534,Ty,Chawkley,tchawkleyet@apache.org,Male,193.163.67.239
535,Willamina,Waterman,wwatermaneu@barnesandnoble.com,Female,247.171.185.171
536,Artie,Doneld,adoneldev@google.nl,Male,233.137.56.26
537,Dona,Folbige,dfolbigeew@dropbox.com,Female,119.19.235.94
538,Liv,Laise,llaiseex@ezinearticles.com,Female,40.147.197.227
539,Janey,Jollands,jjollandsey@cisco.com,Female,52.87.10.1
540,Therese,Livermore,tlivermoreez@ebay.co.uk,Female,10.60.192.167
541,Pammy,Dykas,pdykasf0@slideshare.net,Female,130.60.140.239
542,Alis,Lithgow,alithgowf1@cargocollective.com,Genderqueer,55.190.156.156
543,Imogen,Tremathack,itremathackf2@globo.com,Female,236.250.219.199
544,Damien,Dumingo,ddumingof3@dion.ne.jp,Male,116.11.173.179
545,Catlin,Blackborne,cblackbornef4@baidu.com,Female,116.106.220.88
546,Tresa,Vedekhov,tvedekhovf5@samsung.com,Female,191.66.226.7
547,Aarika,Brunning,abrunningf6@mtv.com,Female,161.3.85.222
548,Archaimbaud,Cordle,acordlef7@goo.gl,Male,160.138.210.173
549,Eugenius,Jewers,ejewersf8@wikimedia.org,Male,93.66.25.145
550,Henka,Fever,hfeverf9@mapy.cz,Female,136.109.22.15
551,Aldous,Ganter,aganterfa@twitter.com,Male,253.192.190.118
552,Arabele,Currer,acurrerfb@paypal.com,Female,193.112.186.30
553,Teirtza,Momery,tmomeryfc@hubpages.com,Female,194.216.0.35
554,Walther,Lang,wlangfd@timesonline.co.uk,Male,221.89.55.167
555,Andros,Moggach,amoggachfe@tripod.com,Male,56.142.125.8
556,Shurlocke,Crofts,scroftsff@craigslist.org,Male,141.165.20.140
557,Zorah,Doerffer,zdoerfferfg@flickr.com,Female,226.199.80.159
558,Obediah,Mazonowicz,omazonowiczfh@webs.com,Male,55.178.45.41
559,Godard,Binning,gbinningfi@devhub.com,Male,44.102.35.125
560,Leoline,Cattermoul,lcattermoulfj@howstuffworks.com,Female,60.151.241.62
561,Bent,Gantz,bgantzfk@xrea.com,Male,33.193.206.117
562,Trevar,Pile,tpilefl@wix.com,Male,238.92.129.215
563,Archibold,Heaphy,aheaphyfm@gizmodo.com,Male,244.242.90.193
564,Garrot,Doogan,gdooganfn@cocolog-nifty.com,Male,26.22.180.71
565,Raymund,Delort,rdelortfo@multiply.com,Male,229.10.233.67
566,Dolli,Muddimer,dmuddimerfp@example.com,Female,254.183.77.251
567,Saw,Fordham,sfordhamfq@go.com,Male,95.164.48.17
568,Alford,Forman,aformanfr@jigsy.com,Male,225.44.32.134
569,West,Flannigan,wflanniganfs@columbia.edu,Male,226.173.203.64
570,Darice,Leckenby,dleckenbyft@hp.com,Female,194.149.62.202
571,Amerigo,Micheu,amicheufu@weather.com,Male,17.118.23.206
572,Hart,Hoggan,hhogganfv@live.com,Male,255.146.251.113
573,Allin,Felce,afelcefw@time.com,Male,203.92.118.136
574,Maris,Sambrook,msambrookfx@pcworld.com,Female,102.255.205.66
575,Denney,Coulthard,dcoulthardfy@baidu.com,Male,86.208.90.2
576,Petronia,Baszniak,pbaszniakfz@list-manage.com,Polygender,30.16.1.232
577,Felipa,Moverley,fmoverleyg0@istockphoto.com,Female,200.172.244.68
578,Mozes,Veldstra,mveldstrag1@smugmug.com,Agender,19.164.247.35
579,Jennette,Fleckney,jfleckneyg2@deliciousdays.com,Female,31.48.59.241
580,Dale,Hurdwell,dhurdwellg3@mit.edu,Female,65.123.230.19
581,Merline,Jakubski,mjakubskig4@skype.com,Female,236.118.208.205
582,Broddy,Henrot,bhenrotg5@soup.io,Male,136.221.190.244
583,Marty,Grange,mgrangeg6@state.tx.us,Male,22.7.5.97
584,Adele,Sessions,asessionsg7@ning.com,Female,206.243.245.63
585,Betta,Romero,bromerog8@npr.org,Female,213.194.8.129
586,Chuck,Prestage,cprestageg9@pinterest.com,Male,38.78.166.133
587,Bernhard,Hillan,bhillanga@cdbaby.com,Male,187.68.192.178
588,Peter,Edelman,pedelmangb@google.ca,Male,28.91.230.64
589,Cornie,Kirckman,ckirckmangc@uiuc.edu,Female,66.179.209.175
590,Killie,Berge,kbergegd@usnews.com,Male,192.129.248.50
591,Simonette,Pentycost,spentycostge@psu.edu,Female,75.203.127.148
592,Kesley,Farnes,kfarnesgf@angelfire.com,Female,102.105.186.78
593,Cecily,Somerton,csomertongg@google.ca,Female,21.166.62.91
594,Rachael,Medwell,rmedwellgh@t-online.de,Female,244.98.132.226
595,Ad,Matussow,amatussowgi@google.co.uk,Male,129.177.193.179
596,Fernando,Aps,fapsgj@mtv.com,Male,199.209.205.3
597,Mame,L'Amie,mlamiegk@arstechnica.com,Female,154.22.125.167
598,Douglass,Peers,dpeersgl@timesonline.co.uk,Male,181.43.68.201
599,Angelita,Palluschek,apalluschekgm@usgs.gov,Female,51.78.183.132
600,Brantley,McAughtrie,bmcaughtriegn@nih.gov,Male,123.4.179.188
601,Ophelie,Moxson,omoxsongo@imageshack.us,Female,130.169.16.207
602,Rori,Biermatowicz,rbiermatowiczgp@over-blog.com,Female,237.136.81.44
603,Gussie,Matei,gmateigq@macromedia.com,Female,96.52.239.191
604,Nye,Cantos,ncantosgr@woothemes.com,Male,220.26.83.26
605,Gabby,Alford,galfordgs@webmd.com,Male,179.251.74.208
606,Gene,Asplin,gasplingt@nytimes.com,Male,52.207.95.124
607,Buck,Zanolli,bzanolligu@domainmarket.com,Male,49.70.173.93
608,Charlotte,Jubert,cjubertgv@mail.ru,Female,135.228.255.108
609,Pryce,Muggach,pmuggachgw@123-reg.co.uk,Male,167.11.108.89
610,Brenda,Redmille,bredmillegx@goodreads.com,Female,183.118.46.133
611,Tybi,Sharpous,tsharpousgy@marriott.com,Female,240.207.24.233
612,Flynn,Bevens,fbevensgz@seesaa.net,Male,138.175.78.79
613,Fiann,Chanders,fchandersh0@google.com.hk,Female,30.88.236.148
614,Betsey,Shakspeare,bshakspeareh1@sohu.com,Female,73.115.66.134
615,Luca,Piggot,lpiggoth2@furl.net,Male,238.66.85.3
616,Delainey,Bemrose,dbemroseh3@blog.com,Male,89.46.67.149
617,Clara,Ebden,cebdenh4@biblegateway.com,Female,250.213.27.101
618,Maxy,Kowalik,mkowalikh5@addtoany.com,Male,132.179.101.21
619,Anabelle,Raiman,araimanh6@soundcloud.com,Female,87.93.18.4
620,Carly,Francesconi,cfrancesconih7@ow.ly,Female,218.68.244.209
621,Lucho,Egan,leganh8@foxnews.com,Male,190.84.232.32
622,Kacie,Lyddy,klyddyh9@networksolutions.com,Female,154.243.3.24
623,Bent,Langley,blangleyha@netvibes.com,Male,20.244.83.59
624,Ginger,Baylie,gbayliehb@java.com,Female,117.144.140.13
625,Cammi,Tilliards,ctilliardshc@usda.gov,Female,228.96.228.8
626,Rhett,Mancell,rmancellhd@cnn.com,Male,198.125.107.95
627,Hallie,Wilkenson,hwilkensonhe@google.co.uk,Female,198.54.8.209
628,Cozmo,Fairholm,cfairholmhf@mail.ru,Male,86.156.24.106
629,Gardy,Tolle,gtollehg@ucla.edu,Male,189.54.96.155
630,Nilson,Queste,nquestehh@msu.edu,Male,14.28.166.165
631,Jaynell,Shepstone,jshepstonehi@nature.com,Female,181.86.182.101
632,Lorilyn,Tolmie,ltolmiehj@ocn.ne.jp,Female,103.238.40.51
633,Hurleigh,Rickaert,hrickaerthk@indiatimes.com,Male,69.2.104.221
634,Elie,Detheridge,edetheridgehl@reference.com,Female,162.166.104.97
635,Neille,Weetch,nweetchhm@hexun.com,Female,114.123.153.172
636,Hartwell,June,hjunehn@theguardian.com,Male,158.152.178.22
637,Darbie,Hardware,dhardwareho@smh.com.au,Female,185.0.43.59
638,Shandra,Castanares,scastanareshp@weebly.com,Female,86.117.211.144
639,Aluino,Loutheane,aloutheanehq@mozilla.com,Male,29.41.228.128
640,Harry,Ryrie,hryriehr@oracle.com,Bigender,4.123.177.199
641,Cinnamon,Scarth,cscarthhs@mediafire.com,Female,120.215.50.131
642,Bessy,Attryde,battrydeht@youku.com,Female,34.110.250.110
643,Korie,Hamblen,khamblenhu@ifeng.com,Female,216.191.175.51
644,Gerhardt,Farnham,gfarnhamhv@mlb.com,Male,228.158.247.185
645,Humphrey,Ridge,hridgehw@wordpress.org,Male,176.175.199.217
646,Hinze,Bigg,hbigghx@jugem.jp,Male,20.123.6.227
647,Ennis,Caldairou,ecaldairouhy@angelfire.com,Male,72.247.73.92
648,Harland,Lyle,hlylehz@uiuc.edu,Male,127.102.31.168
649,Danyette,Chadbourne,dchadbournei0@naver.com,Female,33.72.7.219
650,Hilarius,Stribbling,hstribblingi1@ted.com,Male,13.9.147.249
651,Stuart,Slyman,sslymani2@tinyurl.com,Polygender,183.213.1.153
652,Rivi,Geard,rgeardi3@mit.edu,Female,1.92.27.106
653,Colver,O'Kenny,cokennyi4@desdev.cn,Male,22.20.28.193
654,Anatola,Tombs,atombsi5@columbia.edu,Female,115.243.222.75
655,Damara,Orr,dorri6@g.co,Female,172.222.49.85
656,Wallie,Olsen,wolseni7@over-blog.com,Female,253.75.43.144
657,Guthrey,Mains,gmainsi8@dailymotion.com,Male,44.61.156.175
658,Irwin,Nayer,inayeri9@intel.com,Male,247.241.4.180
659,Elyssa,Poulett,epoulettia@mtv.com,Female,205.139.210.108
660,Maxwell,Mawditt,mmawdittib@hubpages.com,Male,141.181.12.50
661,Teador,McAuslan,tmcauslanic@comcast.net,Male,230.223.83.53
662,Cayla,Foucher,cfoucherid@foxnews.com,Female,172.165.208.107
663,Dur,Scrivinor,dscrivinorie@yolasite.com,Male,6.231.136.106
664,Jordain,Varndall,jvarndallif@goo.ne.jp,Female,136.70.139.103
665,Mahmoud,Tann,mtannig@bluehost.com,Male,209.36.51.79
666,Sybyl,Warde,swardeih@networkadvertising.org,Female,228.193.247.213
667,Brok,Purslow,bpurslowii@edublogs.org,Male,186.93.181.215
668,Nady,Focke,nfockeij@sourceforge.net,Female,108.221.39.237
669,Dulciana,Fontin,dfontinik@qq.com,Female,135.156.137.160
670,Kissee,Stirzaker,kstirzakeril@sitemeter.com,Female,150.40.111.221
671,Aksel,Sargeant,asargeantim@tiny.cc,Male,163.63.248.143
672,Honoria,Norridge,hnorridgein@nsw.gov.au,Female,28.142.8.229
673,Jamill,Jimpson,jjimpsonio@usda.gov,Male,2.136.247.245
674,Oberon,Dionsetti,odionsettiip@biblegateway.com,Male,49.119.133.123
675,Tadeo,Ivanaev,tivanaeviq@upenn.edu,Male,54.250.176.220
676,Heidie,Queste,hquesteir@so-net.ne.jp,Female,237.146.68.234
677,Cecil,McCumesky,cmccumeskyis@census.gov,Female,146.193.198.77
678,Genevra,Tippett,gtippettit@telegraph.co.uk,Female,254.180.56.224
679,Gay,Brooker,gbrookeriu@census.gov,Male,231.4.222.70
680,Saudra,Shorie,sshorieiv@blinklist.com,Female,86.98.51.139
681,Mort,Stovin,mstoviniw@xing.com,Male,212.15.7.67
682,Homere,Smitton,hsmittonix@macromedia.com,Male,214.99.177.157
683,Mariette,Bedberry,mbedberryiy@wikimedia.org,Female,217.127.252.198
684,Catie,Boxill,cboxilliz@oakley.com,Female,148.202.76.33
685,Clarabelle,Danielczyk,cdanielczykj0@parallels.com,Female,100.129.25.137
686,Merv,Hollindale,mhollindalej1@is.gd,Male,219.163.82.150
687,Philippa,Plom,pplomj2@friendfeed.com,Female,202.39.170.77
688,Liam,Yeulet,lyeuletj3@wunderground.com,Male,87.9.63.123
689,Camey,Kubat,ckubatj4@addthis.com,Male,215.82.42.71
690,Prentice,Gwinn,pgwinnj5@about.me,Male,249.48.141.24
691,Teddi,Snazle,tsnazlej6@geocities.jp,Female,126.248.91.121
692,Elle,Clac,eclacj7@mit.edu,Female,188.153.235.56
693,Robin,Wick,rwickj8@etsy.com,Male,80.207.55.171
694,Carleton,Parramore,cparramorej9@webnode.com,Male,237.246.113.255
695,Steward,Odom,sodomja@techcrunch.com,Male,172.108.126.11
696,Baldwin,Rhoades,brhoadesjb@paypal.com,Male,154.186.147.227
697,Mira,Diglin,mdiglinjc@domainmarket.com,Bigender,89.172.95.167
698,Martynne,Koppes,mkoppesjd@imgur.com,Female,251.1.68.63
699,Maris,Saulter,msaulterje@exblog.jp,Female,197.96.63.168
700,Thomasin,Pulteneye,tpulteneyejf@seattletimes.com,Female,110.18.168.91
701,Em,Brotherton,ebrothertonjg@joomla.org,Female,9.1.21.29
702,Brynn,McGill,bmcgilljh@sitemeter.com,Female,3.235.134.137
703,Franny,Rowly,frowlyji@plala.or.jp,Male,255.23.114.58
704,Shaylynn,Renals,srenalsjj@bizjournals.com,Female,70.26.164.237
705,Kele,Over,koverjk@ameblo.jp,Agender,163.145.114.178
706,Roberta,Simenel,rsimeneljl@exblog.jp,Female,87.70.204.54
707,Griz,Joffe,gjoffejm@ehow.com,Male,3.118.94.236
708,Elfrieda,Barmadier,ebarmadierjn@printfriendly.com,Female,201.141.120.247
709,Amery,Hlavecek,ahlavecekjo@google.ru,Male,149.95.137.120
710,Candice,Casebourne,ccasebournejp@netscape.com,Female,47.64.183.39
711,Jeffry,Clarke,jclarkejq@epa.gov,Male,37.142.238.154
712,Cindelyn,Hawgood,chawgoodjr@gov.uk,Female,109.140.197.171
713,Angelique,Stroder,astroderjs@ycombinator.com,Female,152.174.153.98
714,Gray,Gurge,ggurgejt@oaic.gov.au,Female,14.241.187.250
715,Cristy,Levane,clevaneju@liveinternet.ru,Female,242.54.18.93
716,Royal,De Ferraris,rdeferrarisjv@umn.edu,Male,180.135.124.254
717,Ethan,Axelby,eaxelbyjw@yahoo.com,Male,192.202.12.95
718,Bartolomeo,Kevern,bkevernjx@latimes.com,Male,66.43.155.175
719,Truda,Codd,tcoddjy@marriott.com,Female,52.47.62.238
720,Avrom,Cockerton,acockertonjz@naver.com,Male,29.118.5.115
721,Michel,Woehler,mwoehlerk0@vinaora.com,Non-binary,179.138.147.161
722,Temple,Wickman,twickmank1@fc2.com,Male,98.41.158.117
723,Aryn,Craine,acrainek2@jigsy.com,Polygender,118.30.250.87
724,Chrysa,Lillicrop,clillicropk3@businessinsider.com,Non-binary,3.50.145.147
725,Bee,Capper,bcapperk4@youtu.be,Female,178.129.191.210
726,Trace,La Wille,tlawillek5@samsung.com,Genderqueer,141.127.44.36
727,Ursula,Randalson,urandalsonk6@weather.com,Female,50.158.164.210
728,Elane,Yeld,eyeldk7@elpais.com,Non-binary,74.153.98.175
729,Marsha,Alben,malbenk8@paginegialle.it,Female,82.248.34.40
730,Berta,Pidon,bpidonk9@github.io,Female,241.115.10.117
731,Hayley,Peche,hpecheka@noaa.gov,Female,141.232.99.21
732,Lauralee,Antoniottii,lantoniottiikb@parallels.com,Genderfluid,219.152.55.21
733,Carlin,Crux,ccruxkc@fda.gov,Male,27.204.95.107
734,Marney,Sally,msallykd@flickr.com,Female,201.97.218.250
735,Dell,Shorto,dshortoke@squarespace.com,Male,215.110.69.144
736,Winny,Cluckie,wcluckiekf@xrea.com,Female,178.143.201.222
737,Kevon,Howe,khowekg@prweb.com,Male,12.64.132.244
738,Bartholomeus,Sleite,bsleitekh@gov.uk,Male,238.184.87.39
739,Prince,Gauntlett,pgauntlettki@altervista.org,Male,243.237.108.193
740,Clevie,Semper,csemperkj@yellowpages.com,Male,97.24.252.82
741,Emmet,McGaraghan,emcgaraghankk@soundcloud.com,Male,237.6.33.70
742,Cindra,Fitchett,cfitchettkl@quantcast.com,Female,183.113.139.82
743,Jaime,Breffit,jbreffitkm@stumbleupon.com,Female,219.95.0.227
744,Raeann,Mauchlen,rmauchlenkn@fda.gov,Female,70.80.58.193
745,Grannie,Gaynsford,ggaynsfordko@unc.edu,Agender,221.148.54.34
746,Danika,Deeman,ddeemankp@ning.com,Female,27.103.99.67
747,Lucas,Brooksbank,lbrooksbankkq@guardian.co.uk,Male,105.102.207.111
748,Stanislas,Mughal,smughalkr@disqus.com,Male,202.42.169.150
749,Daren,Michelin,dmichelinks@cargocollective.com,Male,74.50.39.133
750,Pen,Quarlis,pquarliskt@feedburner.com,Male,54.35.226.173
751,Mamie,McShane,mmcshaneku@washingtonpost.com,Female,205.38.143.230
752,Merrile,Meegin,mmeeginkv@icq.com,Female,138.223.136.7
753,Giordano,Gemelli,ggemellikw@merriam-webster.com,Male,76.154.90.100
754,Byrom,Brightman,bbrightmankx@uiuc.edu,Male,244.123.55.67
755,Gayle,Clifton,gcliftonky@dailymail.co.uk,Female,100.95.25.206
756,Sunshine,Antonutti,santonuttikz@last.fm,Female,108.176.26.49
757,Randee,Sauven,rsauvenl0@themeforest.net,Female,122.37.254.25
758,Catharina,Rickaert,crickaertl1@mozilla.org,Female,154.141.28.171
759,Granny,Beynkn,gbeynknl2@free.fr,Male,185.101.213.238
760,Jonathon,Beddard,jbeddardl3@webeden.co.uk,Male,129.63.145.114
761,Annamaria,Pistol,apistoll4@rambler.ru,Female,42.19.10.78
762,Shaylynn,Pygott,spygottl5@bbb.org,Female,177.210.156.231
763,Norine,Iannazzi,niannazzil6@live.com,Female,135.64.29.141
764,Dietrich,Osman,dosmanl7@taobao.com,Male,26.218.57.38
765,Shalom,Martynov,smartynovl8@si.edu,Male,147.187.145.203
766,Angelique,Goulbourne,agoulbournel9@surveymonkey.com,Female,182.193.241.132
767,Katrina,Adan,kadanla@tinypic.com,Agender,167.140.197.164
768,Mallissa,Crowhurst,mcrowhurstlb@hhs.gov,Female,200.107.3.130
769,Hedi,Feldbau,hfeldbaulc@yale.edu,Female,164.9.145.170
770,Nolly,Driuzzi,ndriuzzild@illinois.edu,Male,210.173.72.47
771,Krystyna,Haggarth,khaggarthle@msn.com,Female,43.192.129.173
772,Ceciley,Birtonshaw,cbirtonshawlf@weather.com,Female,70.211.80.150
773,Mellie,Brideau,mbrideaulg@nydailynews.com,Female,127.194.44.4
774,Ryon,Lysons,rlysonslh@reverbnation.com,Male,135.154.145.67
775,Marietta,Severn,msevernli@jigsy.com,Male,26.133.221.2
776,Ann,Cherry,acherrylj@tuttocitta.it,Female,129.20.5.78
777,Blakeley,Grattage,bgrattagelk@unicef.org,Female,174.17.252.13
778,Wolfie,Hansley,whansleyll@desdev.cn,Male,33.105.74.38
779,Marlena,Gilling,mgillinglm@cyberchimps.com,Female,59.142.153.239
780,Hagan,Whitney,hwhitneyln@mapy.cz,Male,110.147.199.123
781,Lyndy,Jolliff,ljollifflo@twitpic.com,Female,202.203.32.21
782,Nadiya,Luchelli,nluchellilp@cloudflare.com,Female,93.36.233.47
783,Ivor,Biaggioni,ibiaggionilq@newyorker.com,Male,52.215.73.234
784,Kai,Yeoman,kyeomanlr@weebly.com,Female,83.12.138.157
785,Robyn,Bramwich,rbramwichls@theatlantic.com,Female,5.87.29.40
786,Alley,Lavin,alavinlt@spiegel.de,Male,250.219.44.229
787,Patin,Ginni,pginnilu@hhs.gov,Male,70.196.63.41
788,Lonnie,Poolton,lpooltonlv@walmart.com,Female,251.116.187.12
789,Derrick,Fullman,dfullmanlw@salon.com,Male,92.245.225.172
790,Sheena,Upex,supexlx@google.cn,Female,2.226.249.60
791,Silva,Teale,stealely@dmoz.org,Female,78.167.191.219
792,Mordy,Jewitt,mjewittlz@ask.com,Genderqueer,90.220.47.95
793,Cyndi,Dowbakin,cdowbakinm0@tinypic.com,Female,109.135.243.22
794,Lilla,Almond,lalmondm1@csmonitor.com,Female,193.86.76.101
795,Ryann,Navan,rnavanm2@harvard.edu,Female,162.15.52.35
796,Jobye,Kidstone,jkidstonem3@newyorker.com,Agender,9.5.129.17
797,Dosi,Cossar,dcossarm4@ca.gov,Female,96.235.130.40
798,Dede,Dunstan,ddunstanm5@shop-pro.jp,Female,246.173.83.176
799,Dominica,Kiehne,dkiehnem6@homestead.com,Non-binary,232.74.58.59
800,Rafa,Ovitts,rovittsm7@economist.com,Female,15.199.220.66
801,Angelico,Tolchar,atolcharm8@seesaa.net,Male,151.15.117.16
802,Mordy,McKim,mmckimm9@cisco.com,Male,73.134.8.205
803,Lothario,Caldecott,lcaldecottma@51.la,Male,221.122.201.114
804,Rosemary,Conachie,rconachiemb@google.co.jp,Female,96.26.127.93
805,Alexina,Lundbeck,alundbeckmc@godaddy.com,Female,206.11.5.51
806,Boyce,Lloyd-Williams,blloydwilliamsmd@nytimes.com,Male,19.173.97.67
807,Ceil,Bough,cboughme@tinyurl.com,Polygender,44.177.177.203
808,Indira,Haime,ihaimemf@vimeo.com,Female,191.254.201.15
809,Ryley,Stonier,rstoniermg@mlb.com,Male,97.244.252.9
810,Rene,Sapson,rsapsonmh@hostgator.com,Male,252.75.181.218
811,Rosaline,Pflieger,rpfliegermi@noaa.gov,Female,206.176.12.21
812,Isaiah,Embling,iemblingmj@vimeo.com,Male,227.237.44.105
813,Winni,Snowball,wsnowballmk@who.int,Female,82.169.121.164
814,Kalvin,Ondrus,kondrusml@who.int,Male,43.249.89.80
815,Concordia,Brusin,cbrusinmm@cocolog-nifty.com,Female,85.170.202.103
816,Virgil,Jouhning,vjouhningmn@a8.net,Male,86.111.254.226
817,Charil,Tidcomb,ctidcombmo@cdc.gov,Female,194.150.0.195
818,Risa,Sharpling,rsharplingmp@google.com.hk,Female,204.104.51.20
819,Marylou,Kingcote,mkingcotemq@delicious.com,Female,222.245.198.68
820,Frederico,Tetther,ftetthermr@elpais.com,Male,127.247.142.253
821,Audra,Nemchinov,anemchinovms@4shared.com,Female,245.35.188.216
822,Bari,Cordner,bcordnermt@opera.com,Female,202.226.6.214
823,Marcille,Massimo,mmassimomu@delicious.com,Female,122.207.70.132
824,Gloria,Wittman,gwittmanmv@a8.net,Female,231.188.186.190
825,Freemon,Norsister,fnorsistermw@walmart.com,Male,168.65.195.125
826,Stesha,Reye,sreyemx@yellowbook.com,Non-binary,146.11.139.70
827,Camella,Schirak,cschirakmy@marriott.com,Agender,254.59.18.243
828,Theadora,Chiese,tchiesemz@howstuffworks.com,Female,7.76.73.135
829,Frants,Gotecliffe,fgotecliffen0@hc360.com,Male,92.68.10.235
830,Katalin,Balden,kbaldenn1@nyu.edu,Female,147.16.131.126
831,Whitby,Knotte,wknotten2@cnn.com,Male,27.177.140.143
832,Maximo,Verbrugge,mverbruggen3@lulu.com,Male,210.211.59.9
833,Jesse,Risman,jrismann4@php.net,Female,215.238.198.193
834,Janaye,Milverton,jmilvertonn5@topsy.com,Female,108.72.186.194
835,Teddi,McCome,tmccomen6@senate.gov,Female,190.67.186.58
836,Cherrita,St Louis,cstlouisn7@hao123.com,Agender,67.125.191.17
837,Yorke,Blore,ybloren8@dell.com,Male,183.158.22.105
838,Nanice,Grieveson,ngrievesonn9@go.com,Female,139.171.4.188
839,Abbie,Grinikhinov,agrinikhinovna@harvard.edu,Female,134.77.227.22
840,Quintilla,Demanche,qdemanchenb@toplist.cz,Female,81.190.252.182
841,Harald,Burnsyde,hburnsydenc@mashable.com,Male,224.24.148.95
842,Mick,Klemmt,mklemmtnd@google.com.au,Male,214.128.75.249
843,Dora,Wakeling,dwakelingne@google.nl,Female,189.143.77.171
844,Ingrid,Turmall,iturmallnf@ask.com,Female,242.171.248.212
845,Lanie,Gentil,lgentilng@wikispaces.com,Agender,138.242.40.143
846,Daron,Skarman,dskarmannh@huffingtonpost.com,Agender,95.166.247.64
847,Austin,Montague,amontagueni@myspace.com,Non-binary,117.233.217.244
848,Feliks,Dulany,fdulanynj@sitemeter.com,Male,209.45.209.9
849,Mordy,Will,mwillnk@blogger.com,Male,6.49.131.254
850,Judah,Minghi,jminghinl@mozilla.com,Polygender,55.230.173.112
851,Gannon,Bolitho,gbolithonm@icq.com,Male,202.223.252.33
852,Lionel,Fogt,lfogtnn@oakley.com,Male,250.111.27.64
853,Bartel,Skeeles,bskeelesno@netscape.com,Male,113.249.254.36
854,Tully,Barkley,tbarkleynp@ehow.com,Male,78.33.11.209
855,Doroteya,Krzysztof,dkrzysztofnq@networksolutions.com,Female,21.184.128.187
856,Willamina,McKinnell,wmckinnellnr@cpanel.net,Female,79.201.116.38
857,Roseline,Burchill,rburchillns@addtoany.com,Female,94.190.2.119
858,Aldon,Marchi,amarchint@bloglines.com,Male,22.53.218.80
859,Konstantine,MacGoun,kmacgounnu@shinystat.com,Male,107.192.118.93
860,Kelby,Rasher,krashernv@e-recht24.de,Non-binary,78.221.134.143
861,Ilaire,Canon,icanonnw@nbcnews.com,Male,59.136.36.208
862,Carlye,O' Culligan,coculligannx@odnoklassniki.ru,Female,2.216.205.248
863,Birdie,Kibbel,bkibbelny@amazon.com,Female,197.99.100.226
864,Tuck,Denslow,tdenslownz@arizona.edu,Male,222.254.65.166
865,Alexandr,Kleehuhler,akleehuhlero0@umich.edu,Male,203.176.85.183
866,Elbertina,Braime,ebraimeo1@answers.com,Female,218.39.19.166
867,Erv,Audenis,eaudeniso2@foxnews.com,Male,227.163.28.48
868,Rubin,Robinet,rrobineto3@bloglines.com,Male,148.142.166.190
869,Lindsay,Collip,lcollipo4@sakura.ne.jp,Male,235.234.216.157
870,Tait,Smallman,tsmallmano5@sakura.ne.jp,Male,82.163.28.125
871,Ephrayim,Ventris,eventriso6@4shared.com,Male,190.150.45.151
872,Meg,MacIlurick,mmaciluricko7@reference.com,Female,155.31.239.104
873,Shayla,Simioni,ssimionio8@gmpg.org,Female,60.74.186.78
874,Kelci,Snaddon,ksnaddono9@elpais.com,Agender,131.223.38.252
875,Charmaine,Pullar,cpullaroa@oracle.com,Female,21.135.93.19
876,Christye,Bloys,cbloysob@blogger.com,Female,102.2.19.30
877,Hildegarde,Billborough,hbillboroughoc@macromedia.com,Female,248.108.125.125
878,Dominique,Grills,dgrillsod@artisteer.com,Male,105.181.72.118
879,Scotti,Cotgrave,scotgraveoe@forbes.com,Male,208.206.129.36
880,Manuel,Glanvill,mglanvillof@trellian.com,Male,105.149.195.153
881,Mendie,Treneman,mtrenemanog@blogtalkradio.com,Male,150.170.22.127
882,Waylen,Shipston,wshipstonoh@wiley.com,Male,205.212.66.82
883,Babb,Wesgate,bwesgateoi@bloglines.com,Female,134.21.226.37
884,Malina,Farrand,mfarrandoj@theatlantic.com,Female,37.202.213.1
885,Whittaker,Stranaghan,wstranaghanok@arizona.edu,Male,94.200.246.228
886,Herold,Francesc,hfrancescol@issuu.com,Male,133.56.68.205
887,Tarrah,Eagle,teagleom@cbc.ca,Female,124.19.64.84
888,Grethel,Lothlorien,glothlorienon@slashdot.org,Female,16.124.23.138
889,Derrek,Wattisham,dwattishamoo@lulu.com,Male,127.187.35.225
890,Corabel,Morffew,cmorffewop@umn.edu,Female,140.12.172.140
891,Dallas,Curtin,dcurtinoq@wix.com,Female,136.124.101.124
892,Sumner,Bernasek,sbernasekor@list-manage.com,Male,167.4.55.184
893,Daniel,Shufflebotham,dshufflebothamos@adobe.com,Male,103.102.245.102
894,Pooh,Hindmore,phindmoreot@ucoz.com,Female,109.106.55.8
895,Spenser,Hiland,shilandou@answers.com,Male,68.203.81.131
896,Massimo,Mayow,mmayowov@arstechnica.com,Male,233.154.21.45
897,Nanete,Aickin,naickinow@oracle.com,Female,51.185.223.51
898,Edy,Almey,ealmeyox@pagesperso-orange.fr,Female,45.238.68.35
899,Daphne,Emanulsson,demanulssonoy@liveinternet.ru,Female,195.61.246.86
900,Rollo,Preece,rpreeceoz@chronoengine.com,Male,29.63.160.245
901,Keven,Wolpert,kwolpertp0@va.gov,Genderfluid,61.59.67.85
902,Ali,Caesman,acaesmanp1@odnoklassniki.ru,Female,87.208.244.60
903,Ileana,Savatier,isavatierp2@arstechnica.com,Female,104.67.214.147
904,Pavel,Houlridge,phoulridgep3@google.pl,Male,71.70.199.251
905,Cathi,Tilberry,ctilberryp4@microsoft.com,Female,217.229.133.54
906,Hobart,Heardman,hheardmanp5@marriott.com,Male,114.180.85.63
907,Caro,Fairfoull,cfairfoullp6@w3.org,Female,124.245.137.248
908,Libbie,Imos,limosp7@blogtalkradio.com,Female,202.190.126.18
909,Eal,Bradnam,ebradnamp8@ftc.gov,Male,77.245.180.145
910,Caitlin,Tourry,ctourryp9@npr.org,Female,88.240.117.103
911,Lilas,Anfonsi,lanfonsipa@cocolog-nifty.com,Female,104.185.39.57
912,Neale,Elington,nelingtonpb@comcast.net,Male,134.112.95.14
913,Flinn,Vivians,fvivianspc@cnbc.com,Male,127.185.153.237
914,Buddie,Greenman,bgreenmanpd@sohu.com,Male,63.22.203.179
915,Berta,Lankford,blankfordpe@photobucket.com,Female,253.68.82.97
916,Sandi,Budgeon,sbudgeonpf@seesaa.net,Female,73.82.59.145
917,Halli,Malthouse,hmalthousepg@google.fr,Female,91.33.121.4
918,Carson,Paddington,cpaddingtonph@netlog.com,Male,106.43.97.50
919,Guthry,Malicki,gmalickipi@networkadvertising.org,Male,51.224.224.16
920,Andy,Scarlett,ascarlettpj@wisc.edu,Male,179.25.118.86
921,Bobbee,Blamphin,bblamphinpk@cbc.ca,Female,116.177.192.158
922,Maitilde,Swaffield,mswaffieldpl@timesonline.co.uk,Female,196.64.132.54
923,Nataniel,Vedeniktov,nvedeniktovpm@dot.gov,Male,231.170.124.224
924,Clementia,McLaren,cmclarenpn@geocities.com,Female,210.251.189.223
925,Clementine,Vreede,cvreedepo@webeden.co.uk,Female,186.157.15.18
926,Madelon,Romain,mromainpp@census.gov,Female,1.241.97.228
927,D'arcy,Rivitt,drivittpq@google.es,Male,58.237.147.227
928,Ada,Burnsell,aburnsellpr@youku.com,Female,126.117.123.230
929,Beverly,Malletratt,bmalletrattps@behance.net,Female,213.220.81.56
930,Dalis,Linke,dlinkept@taobao.com,Male,61.56.96.41
931,Tally,Mattersey,tmatterseypu@prweb.com,Male,7.88.74.41
932,Herminia,Desforges,hdesforgespv@ft.com,Female,240.3.83.87
933,Everett,Duligall,eduligallpw@shutterfly.com,Male,85.89.153.50
934,Nikos,Druery,ndruerypx@alexa.com,Male,66.197.33.102
935,Jaime,Allison,jallisonpy@google.de,Female,158.68.229.121
936,Dee dee,Dorant,ddorantpz@java.com,Female,216.112.97.89
937,Killy,Perez,kperezq0@nature.com,Male,46.16.39.198
938,Pete,Simister,psimisterq1@domainmarket.com,Male,10.207.227.224
939,Oralle,Edgeworth,oedgeworthq2@seesaa.net,Female,5.113.235.117
940,Ossie,Hainey,ohaineyq3@mtv.com,Male,144.119.207.146
941,Niven,Wilkerson,nwilkersonq4@facebook.com,Male,186.105.17.47
942,Ashia,Paler,apalerq5@skyrock.com,Female,66.32.173.250
943,Louie,Beardsall,lbeardsallq6@msu.edu,Male,66.101.20.238
944,Gavra,Sole,gsoleq7@blogs.com,Female,14.102.8.132
945,Brandon,Gregory,bgregoryq8@acquirethisname.com,Male,99.197.109.86
946,Ichabod,Carpenter,icarpenterq9@chronoengine.com,Male,245.57.44.244
947,Barbabas,Cod,bcodqa@wired.com,Male,231.16.87.57
948,Arvie,Schaffler,aschafflerqb@amazon.co.jp,Male,162.77.54.113
949,Danette,Handaside,dhandasideqc@netlog.com,Female,143.99.251.177
950,Sisely,Naile,snaileqd@abc.net.au,Female,89.191.191.105
951,Agnesse,Chimienti,achimientiqe@guardian.co.uk,Female,33.125.96.2
952,Mannie,Duncklee,mdunckleeqf@washington.edu,Male,13.59.76.20
953,Glynda,Ropars,groparsqg@furl.net,Female,127.115.107.153
954,Cati,Aukland,cauklandqh@usatoday.com,Female,9.100.239.51
955,Harriet,Baldry,hbaldryqi@soundcloud.com,Female,116.169.20.70
956,Karney,Morford,kmorfordqj@ebay.com,Genderfluid,73.68.226.200
957,Starla,Mulford,smulfordqk@squarespace.com,Female,158.108.249.91
958,Layton,Falconer,lfalconerql@walmart.com,Male,228.216.42.227
959,Kevan,Jinda,kjindaqm@salon.com,Male,155.215.134.114
960,Luella,Heater,lheaterqn@amazon.de,Female,183.168.253.172
961,Chuck,Bracchi,cbracchiqo@ftc.gov,Male,182.244.255.233
962,Lorelle,Girardi,lgirardiqp@symantec.com,Female,189.17.147.4
963,Clive,Jeschner,cjeschnerqq@jugem.jp,Male,51.147.119.9
964,Patrizius,Vawton,pvawtonqr@mediafire.com,Male,193.174.43.71
965,Gauthier,Chettoe,gchettoeqs@mayoclinic.com,Male,237.28.16.125
966,Brittni,Collard,bcollardqt@ehow.com,Female,74.167.198.99
967,Marjorie,Buzek,mbuzekqu@examiner.com,Polygender,9.14.10.217
968,Padget,Knappe,pknappeqv@cnbc.com,Genderfluid,92.58.153.135
969,Portie,Brocklehurst,pbrocklehurstqw@prweb.com,Male,48.83.62.159
970,Briano,Knutsen,bknutsenqx@ft.com,Non-binary,146.234.169.192
971,Saunder,Horlick,shorlickqy@globo.com,Male,179.25.89.253
972,Karly,Guinn,kguinnqz@comsenz.com,Female,94.118.245.16
973,Cecil,McKinty,cmckintyr0@loc.gov,Female,163.113.177.107
974,Anson,Ambrozewicz,aambrozewiczr1@weibo.com,Male,53.251.163.182
975,Colette,Lilleycrop,clilleycropr2@163.com,Female,204.150.155.160
976,Erda,McCoy,emccoyr3@meetup.com,Female,9.50.112.143
977,Alden,Sines,asinesr4@booking.com,Male,87.76.157.202
978,Sasha,Ullett,sullettr5@wordpress.com,Female,140.126.141.111
979,Dorena,Ivshin,divshinr6@mayoclinic.com,Female,58.18.198.139
980,Cordula,Prestwich,cprestwichr7@github.io,Female,37.5.17.55
981,Jacinda,Steele,jsteeler8@yellowbook.com,Female,139.90.29.95
982,Evie,Breitler,ebreitlerr9@ask.com,Female,225.198.3.110
983,Delmar,Kirstein,dkirsteinra@multiply.com,Male,94.182.73.218
984,Elle,Dobrowolny,edobrowolnyrb@seattletimes.com,Female,245.45.144.249
985,Sherwynd,Bronger,sbrongerrc@arstechnica.com,Male,3.95.173.41
986,Wilt,Sealand,wsealandrd@163.com,Agender,46.83.30.108
987,Celeste,Raspison,craspisonre@dyndns.org,Female,180.109.81.88
988,Damaris,Furnival,dfurnivalrf@yahoo.com,Female,123.190.220.69
989,Charin,Betteney,cbetteneyrg@netlog.com,Female,255.161.54.27
990,Broddy,Cockling,bcocklingrh@cdc.gov,Male,136.163.24.187
991,Neysa,Andrault,nandraultri@businesswire.com,Bigender,120.131.35.135
992,Chase,Tootal,ctootalrj@google.com.au,Male,4.105.72.12
993,Cherise,Tolomei,ctolomeirk@pagesperso-orange.fr,Female,132.130.123.192
994,Wesley,Pauletto,wpaulettorl@thetimes.co.uk,Male,160.79.63.140
995,Bradly,Pendleberry,bpendleberryrm@utexas.edu,Male,227.152.30.238
996,Phillie,Pickston,ppickstonrn@delicious.com,Female,31.33.79.32
997,Erskine,Dorin,edorinro@shop-pro.jp,Male,232.130.221.169
998,Gregoire,De Brett,gdebrettrp@webmd.com,Male,86.13.230.82
999,Blinny,Skittrall,bskittrallrq@nasa.gov,Female,237.22.245.182
1000,Foss,Uvedale,fuvedalerr@blogs.com,Male,150.69.18.225